Type,Name,Request Count,Failure Count,Median Response Time,Average Response Time,Min Response Time,Max Response Time,Average Content Size,Requests/s,Failures/s,50%,66%,75%,80%,90%,95%,98%,99%,99.9%,99.99%,100%
GET,/,1,0,2.3333000000000936,2.3333000000000936,2.3333000000000936,2.3333000000000936,393.0,0.16975701332200516,0.0,2,2,2,2,2,2,2,2,2,2,2
GET,/book/Spring%20Festival%202021/Simply%20Lift,4,4,3,4.179075000000088,2.8144000000001057,8.01800000000008,290.0,0.6790280532880206,0.6790280532880206,3,3,8,8,8,8,8,8,8,8,8
GET,/displayPoints,1,1,2.7401999999998594,2.7401999999998594,2.7401999999998594,2.7401999999998594,232.0,0.16975701332200516,0.16975701332200516,3,3,3,3,3,3,3,3,3,3,3
GET,/logout,1,0,4.343599999999448,4.343599999999448,4.343599999999448,4.343599999999448,393.0,0.16975701332200516,0.0,4,4,4,4,4,4,4,4,4,4,4
POST,/purchasePlaces,3,3,3.0134999999997802,3.386499999999959,3.0134999999997802,4.071500000000228,290.0,0.5092710399660154,0.5092710399660154,3,3,4,4,4,4,4,4,4,4,4
POST,/showSummary,2,0,2.833900000000611,2.7666500000003147,2.6994000000000185,2.833900000000611,1576.0,0.3395140266440103,0.0,3,3,3,3,3,3,3,3,3,3,3
,Aggregated,12,8,3,3.4855166666666886,2.3333000000000936,8.01800000000008,516.6666666666666,2.0370841598640617,1.3580561065760413,3,3,4,4,4,8,8,8,8,8,8
