Type,Name,Request Count,Failure Count,Median Response Time,Average Response Time,Min Response Time,Max Response Time,Average Content Size,Requests/s,Failures/s,50%,66%,75%,80%,90%,95%,98%,99%,99.9%,99.99%,100%
GET,/,16,0,2,2.57179999999986,1.922999999999675,6.625700000000068,393.0,0.5836471341366533,0.0,2,2,2,2,3,7,7,7,7,7,7
GET,/book/Spring%20Festival/Simply%20Lift,7,0,3,2.646542857142973,2.224399999999349,3.066500000000083,1308.0,0.2553456211847858,0.0,3,3,3,3,3,3,3,3,3,3,3
GET,/logout,10,0,4,4.2150699999993435,3.5883999999981597,4.647500000000804,393.0,0.3647794588354083,0.0,4,4,4,5,5,5,5,5,5,5,5
POST,/purchasePlaces,10,0,3,2.779700000000318,2.4785999999998864,3.015599999999452,1381.0,0.3647794588354083,0.0,3,3,3,3,3,3,3,3,3,3,3
POST,/showSummary,10,0,3,2.702960000000054,2.005099999999871,3.265100000000132,1576.0,0.3647794588354083,0.0,3,3,3,3,3,3,3,3,3,3,3
,Aggregated,53,0,3,2.9556962264150135,1.922999999999675,6.625700000000068,923.4716981132076,1.933331131827664,0.0,3,3,3,4,4,5,5,7,7,7,7
